,comment,singer,lang
1,"lui non lo sapeva ancora, ma questa canzone era stata scritta per lei.
bravissima.",angelina,it
2,"74 anni di festival, 74 anni di canzoni, 74 anni di artisti che hanno cantato, vinto ma questa sola commuove allinverosimile e da i brividi simultaneamente a milioni di spettatori, questa esibizione è lespressione massima della canzone italiana pena struggente. chapeau",angelina,it
3,"ho 50 anni e sono padre di due figlie, una adolescente (14 anni), l'altra piccolina (4 anni) e quando ho ascoltato questa interpretazione ho avuto la pelle d'oca per tutto l'amore che comunica il pezzo. non so perchè, ma ho pensato, rigandomi il viso di lacrime, a quando il legame ""terreno"" con le mie principesse non ci sarà più, così come quello di pino mango con la bravissima angelina  ed a come sarà doloroso per loro vivere la scomparsa del padre. io spero solo avvenga il più tardi possibile e che avvenga in modo tale da non permettermi di rendermi conto dell'immenso dolore di lasciare chi amo per sempre. pensiero scuro, pessimista, ma purtroppo avverrà, un giorno. bravissima angelina mango.",angelina,it
4,se la rai ci toglie questo video ci servirà una comunità di recupero,angelina,it
5,"vi prego non togliete questo video dal canale, ho bisogno di rivederlo ogni giorno. brividi ed emozione pura ad ogni ascolto! ",angelina,it
6,la rai sempre meravigliosa. soffoca il successo di un video che sta spopolando troncando la durata ad un minuto. genialata,angelina,it
7,"angelina non ha cantato, è stata la preghiera di una bimba al suo papà, una magia che trascende e va ben oltre la canzone.",angelina,it
8,"questa interpretazione resterà scolpita nella storia della musica italiana, irripetibile. sono anni che non si vedevano performace così, pura magia. qui  il businnes scompare. questa è la vera essenza della musica, ovvero emozioni sopra qualsiasi concetto di mercato. grazie...per questa canzone pino.",angelina,it
9,"ho seguito angelina anche durante la sua esperienza ad amici dove ha parlato pochissimo di suo padre e mi colpì molto. e in questa esibizione straordinaria conferma la sua discrezione, la sua dignità nel vivere il suo dolore, la sua grazia. grandissima donna...quanta forza ci vuole ad una ragazza cosi giovane per cantare una canzone del genere davanti ad un pubblico cosi importante e con questa intensità? strabiliante",angelina,it
10,"ogni volta che sento quel ""dove sei?"" ho i brividi dall'emozione, canzone che rimarrà indelebile nei nostri cuori",angelina,it
11,"angelina ha cantato con lanima e non solo con la voce, trasmettendo lamore incondizionato e la rabbia di un figlio che ha perso un genitore troppo presto e non riesce a capacitarsi di come questo sia possibile! angelina tuo papà è fiero di come stai volando in alto!",angelina,it
12,"it takes a great personality and a great voice to bring this piece to sanremo at 22, not to mention the emotional aspect. highest moment of sanremo 2024.",angelina,it
13,"ci vuole una grande personalità e una grande voce per portare questo pezzo a sanremo a 22 anni, senza contare l'aspetto emotivo. momento più alto di sanremo 2024.",angelina,it
14,"questa interpretazione fa vibrare di emozione ogni parola scandita.
si può osare dire che questa canzone scritta dal padre è stata finalmente rivelata nel suo senso più profondo grazie alla figlia",angelina,it
15,"ho 48 anni e ho passato la gioventù ad ascoltare concerti....li ho sentiti proprio tutti...ma tu con questa interpretazione mi hai trafitto il cuore.....cantata da te angelina, questa è per me la canzone più bella di sempre. sei straordinariamente stupenda",angelina,it
16,"immensa. la più bella esibizione della storia del festival. non c'è ascolto in cui i miei occhi rimangano asciutti. pochi hanno rilevato la meraviglia dell'arrangiamento: l'utilizzo magistrale degli archi, il pianoforte soave (sentitelo quando entra al minuto 2,44!). quindi meravigliosa angelina, ma bravissimo anche filippo mango, che con lei ha curato l'arrangiamento. grazie di tanto amore e di tanta bellezza.",angelina,it
17,momento unico in rai meravigliosa ragazza che ha incantato e fatto piangere l'italia  con una maturità e delicatezza unica rimarrà nella storia di san remo,angelina,it
18,"ma possibile, si piange ogni volta che si guarda questa esibizione?!?!",angelina,it
19,"grazie angelina! quando hai cantato questo tributo al tuo papà, ho pianto pensando che la mia rondine nel cielo sbagliato è il mio bimbo di 4 anni che ci ha lasciato a luglio 23. ha preso il volo ed ora è libero dalla sua brutta malattia. ho pianto tanto anche ora che ti riascolto. eppure, ho voglia di ascoltarti ancora ed ancora emozione. grazie!",angelina,it
20,"la prima volta quella sera che l'ho sentita a sanremo mi ha fatto piangere, sia perché cantata con una intensità profonda.., sia perché sentivo la mancanza di pino mango.  guardate il numero visualizzazioni sopra,  nessuna canzone in gara riuscirà a superare questa cover ""la rondine"" di angelina mango.",angelina,it
21,"mango prima di scrivere questa canzone ha viaggiato nel futuro e ha visto quest'esibizione. ascoltare adesso questa cover, assume un significato diverso. e' paradossalmente eccezionale, per non parlare dell'arrangiamento perfetto, tutto al suo posto con tempi magistrali. questa è la vera musica, questa è arte.",angelina,it
22,"il testo di questa canzone con il senno di poi e cantata dalla figlia assume un significato sublime, sembra scritta per lei in un momento ignoto del passato, a me questa cover fa' venire i brividi.",angelina,it
23,"forse l'esibizione migliore della storia di sanremo, immensa angelina, tuo padre sarebbe stato straoroglioso ",angelina,it
24,"perfetto, come ammazzare una esibizione, tagliandola a un minuto non si sa per quale motivo. ma poi sta generando milioni di visual al giorno, siete fuori di testa",angelina,it
25,"chissenefrega della gara, delle classifiche. questa esibizione rimarrà nella storia, brividi veri. brava angelina!",angelina,it
26,non ho mai visto una cosa così profonda bella struggente che  commuove ogni volta che rivedo  questa  ragazza in questa interpretazione.   veramente ,angelina,it
27,"se prima mi commuovevo ogni volta che la ascoltavo, adesso mi commuovo anche solo a leggere i vostri commenti.

questa canzone è magia pura",angelina,it
28,i don't think there was a dry eye anywhere in sanremo after that masterpiece,angelina,it
29,"il padre era accanto a lei  quanto amore nel cantare la canzone del suo papà , mango un artista indimenticabile",angelina,it
30,sei andata via 2 anni fa a 44 anni troppo presto sei in un cielo sbagliato questa è per te mamma. grazie angelina per questa cover,angelina,it
31,i dont understand a single word but i understand every single emotion she sings! beautiful.,angelina,it
32,di questa interpretazione se ne parlerà per decenni ! sublime.,angelina,it
33,"una canzona che mi ha commossa davvero tantissimo ...mia figlia di 15 anni ha pianto tantissimo....ha ricordato il suo papà, perso all'età di 9 anni....chapeau ....",angelina,it
34,"io sono gloria,ho sette anni 
, grazie a te ho conosciuto una canzone bellissima! grazie angelina!",angelina,it
35,"amavo questa canzone quando la cantava suo padre. riascoltarla ora mette i brividi... pare lui l'abbia scritta per lei... ""dove sei, dove sei? sei nel cielo sbagliato""...  ci vuole tanta forza a cantare questa canzone. da brividi! spero la pubblichi. pino sarà stato felice di sentirla",angelina,it
36,the best music in the world in this moment greetings from belgium ,angelina,it
37,"che regalo che ci ha fatto, la mango. penso che sia una delle cose più belle che vedo a sanremo degli ultimi 10 anni.",angelina,it
38,"angelina, abbiamo tutti pensato al tuo papà orgogliosissimo che ti guardava da lassù... che emozione, l'hai fatto rivivere per cinque minuti attraverso la tua voce e tutto l'amore che ci hai messo ",angelina,it
39, assolutamente...dove sono i veri fans di angelina.. dopo la vittoria del festival della canzone italiana 2024 .,angelina,it
40,messaggio per la rai. rimettete il video integrale come era prima. mi state mutilando. ne ho bisogno per vivere!,angelina,it
41,"ha fatto innamorare tutta la nazione , è davvero nata una stella , è entrata nel cuore della gente e non è da tutti",angelina,it
42,congratulations to italy on the birth of a new world star - angelina mango! ,angelina,it
43,"non è una ""cover di mango"",è un urlo di dolore per la perdita di un padre. ed è arrivato tutto. questa esibizione rimarrà nella storia",angelina,it
44,"sono in loop con questa cover cantata in modo superlativo da angelina mango. ogni volta la ascolto piangendo e vivendo il suo dolore per la perdita del padre. la sua emozione lha trasmessa a tutti, solo le persone meno sensibili hanno potuto trattenere le lacrime.. lha cantata con tutto il suo cuore e con grande affetto per suo padre! mitica! vittoria meritatissima ",angelina,it
45,perfection! angelina i love you from croatia ,angelina,it
46,alla quarantesima volta che vedo sto video pelle d'oca e lacrime come alla prima. pazzesco,angelina,it
47,"c'era papà con te. hai reso un super omaggio, da brividi, complimenti, avrai sicuramente una lunga carriera piena di successi, una carriera che purtroppo a papà è finita troppo presto, famiglia di talenti puri. c'è tanta educazione e umiltà in te angelina, grazie",angelina,it
48,io sono fermo qui dal 9 febbraio...la ascolto almeno 5 volte al giorno...,angelina,it
49,"cristo quanto è straziante quel dove sei, dove sei..",angelina,it
50,"l'ha sentita dal cielo, sorridendo alla sua bambina.",angelina,it
51,"semplicemente pazzesca uscita da dentro il corpo da dentro lanima, interpretazione unica, si vede che non è solo questione di tecnica ma di cuore di amore per suo padre sangue del suo sangue angelina unica non la
conoscevo ma questa ragazza farà molta molta strada, rivisitazione destinata a restare nella storia scrive bene pilotgigi mango non",angelina,it
52,"notare che la nuova gererazione scopre tramite la figlia mango, e bello . un gigante della musica raffinata",angelina,it
53,i have to listen to this live 7 times a day,angelina,it
54,l'interpretazione di questa canzone è di una profondità immensa.. vai angelina e spacca tutto anche all'eurofestival!!,angelina,it
55,una interpretazione così ti fa dimenticare che era una gara. chi se ne frega della gara....il sentimento puro non si misura con i voti. meravigliosa....,angelina,it
56,"non ho mai seguito sanremo, ma quando ho saputo che angelina avrebbe interpretato questa canzone ho voluto vederlo. i miei genitori avevano tutti i cd di mango, per cui sono cresciuto sapendo a menoria tutte le sue canzoni. questa esibizione va al di là della gara, delle polemiche, della classifica, del premio finale. non è un discorso di tecnica o di televoto, questo momento di altissima carica emotiva rimarrà nella storia del festival, il resto cadrà nell'oblio. la musica è emozioni e faccio fatica a ricordare esibizioni più emozionanti, sono tre giorni che la riascolto.",angelina,it
57,sono massimo persona adulta già nonno mango un grande della canzone della mia gioventù la rondine interpretata da angelina non si può commentare una nostalgia immensa per il suo papà. ogni volta che la riascolto i brividi e le lacrime come un fiume,angelina,it
58,"emozione allo stato puro ! l'unica volta in vita mia che mi emoziono così tanto a sentire la prima volta una canzone interpretata alla perfezione da una grande artista ! una canzone che già conoscevo ,ma lei l ha interpretata dando la vera essenza e intensità al brano ! credo che abbia fatto venire la pelle d oca a milioni di persone e abbia toccato l anima di tutti ! questa magia la creano solo i veri artisti e spero che angelina continui così ,a interpretare musica e pezzi d autore che lei potrebbe trasformare in capolavori con la sua intensità ! brava angelina sei una grande artista !",angelina,it
59,"il bisogno esistenziale, necessario di ascoltare ogni giorno questa performance, e più volte in uno stesso giorno. sei stata grande angelina: brividi ed emozioni inspiegabili. non vedo l'ora di vederti dal vivo cantare ! ",angelina,it
60,"sei appena entrata nella storia, è stato un momento di altissimo livello per la storia della musica italiana",angelina,it
61,"in pochi minuti mi ha trasmesso tutte le emozioni che ho provato nelle settimane dopo aver perso mio padre: dolore, rabbia, tristezza, smarrimento, speranza. magnifica interpretazione, da brividi",angelina,it
62,"io nn mi commuovo facilmente , ma  ho pianto oggi come allora  .. un pugno nello stomaco..",angelina,it
63,"per quanto mi riguarda una delle esibizioni più belle a cui abbia mai assistito in assoluto e senza esagerareindimenticabile! canzone fantastica, contesto, storia e interpretazione emozionanti a dir poco semplicemente arte!",angelina,it
64,"struggente,questa ragazza dolcissima ci ha fatto un regalo che resterà per sempre scolpito nei nostri cuori, grazie meravigliosa creatura.",angelina,it
65,"continuo a riascoltarmela e vorrei essere lì a farle un applauso continuo di almeno 20 minuti!! e' stata spettacolare, un'esibizione indimenticabile",angelina,it
66,"trasporto emozionale, sentimentale, inebriante canto di una dolcezza e bellezza incomparabili! oserei dire, se possibile, che la canzone sia stata scritta da pino per lei, per sua figlia, per oggi, per sempre... questa è storia della musica... grazie angelina, grazie pino",angelina,it
67,a prescindere dalla bravura di angelina e della bellezza degli arrangiamenti..un magico filo tra padre e figlia un dialogo tra due anime esistenti in due dimensioni diverse... ma evidentemente comunicanti.,angelina,it
68,"a distanza di giorni ascolto questa interpretazione trascendentale ed ho i brividi, questa canzone è stata scritta per te, angelina per cantarla venerdì sera davanti a tutti...",angelina,it
69,"spettacolo puro, una preghiera cantata. da brividi",angelina,it
70,"credo che ascolterò all'infinito questa interpretazione, non mi stanco mai.
è semplicemente divina!",angelina,it
71,"e' talmente incredibile come questa canzone, il testo, le parole possano sembrare un dialogo di una figlia a un padre volato via..  dove sei dove sei.... unico amore che rivivrei...",angelina,it
72,"sentirla e vederla è stato un colpo al cuore! ho pianto e  piango senza sosta! col suo canto e la sua interpretazione ha raggiunto in un altro  cielo il papà pazzesca, angelica, disarmante, emozionante, unica",angelina,it
73,"non far vincere un'esibizione del genere è la sintesi del nostro paese: non meritiamo la musica, non meritiamo sanremo (quello vero), non meritiamo la storia. scusa, angelina... e grazie per le straordinarie emozioni che ci hai regalato. piangere non è mai stato così bello. ",angelina,it
74,capolavoro  ci presentiamo all eurovision con la migliore giovane artista  in questo momento,angelina,it
75,dios mííííooo...!  no cantó angelina... cantó su alma! ,angelina,it
76,"devo tornare qui ogni giorno, ormai è un bisogno 
semplicemente fantastica",angelina,it
77,mamma mia..! da pelle d oca! che voce! e che canzone! avete ancora dubbi sulla sua vittoria a sanremo!? ,angelina,it
78,angelina sei l'orgoglio della basilicata. grazie per l'emozione che hai fatto vivere a tutta l'italia.,angelina,it
79,"ma in tutto questo, le inquadrature? fantastiche, la rondine che volteggia intorno a lei e sul finale si allontana...nel cielo. magia, da parte di tutti",angelina,it
80,"ho sentito tante canzoni nella mia vita cantate con il cuore ,ma questa ragazza mi ha fatto venire i brividi per l'intensita'che ha messo nel cantare questa canzone dedicata al padre ,grande interpretazione sconvolto per la passione e il trasporto emozionale",angelina,it
81,"che meraviglia sta canzone, che leggerezza, che armonizzazione, che intensità, quanto è rimasto sottovalutato suo padre.",angelina,it
82,due capolavori di pino mango.,angelina,it
83,"da fan sfegatato di geolier posso solo che applaudire questa cover e dire che angelina ha vinto meritatamente sanremo, resta di fatto che abbiamo visto 2 grandi artisti della musica italiana ",angelina,it
84,"interpretazione magistrale, bravissima angelina, senza parole davvero.",angelina,it
85,"ragazzi, non prendiamoci in giro. l'intero ariston in standing ovation con le lacrime, cosa deve far di più sta ragazza per convincere quelli con il veleno dentro il cuore.
non ha scelto lei di nascere da due grandi cantanti. lei ha scelto di mettersi in gioco per dimostrare a se stessa se è in grado di fare questo mestiere. suo papà è morto da un infarto iin un concerto live. dietro angelina c'è un' intera famiglia che ha sofferto e che tutt'ora soffre per aver perso un papà, un marito eecc. lei lo ha fatto risorgere.",angelina,it
86,"la perfezione della regia, in live, è impressionante.  un applauso lungo anche a tutti i componenti della troupe, a partire dall'operatore di ripresa",angelina,it
87,"solo lacrime da giorni oramai! prima il padre con un talento fuori dal comune ora lei con lo stesso talento del padre... ed ha solo 22 anni.. mi sento fortunato a poter vivere questo momento e tutto il suo successo! che voce fantastica! mango te ne sei andato troppo presto , ma grazie ad angelina  e alla tua fantastica musica è come se non fossi mai andato via...",angelina,it
88,uno dei momenti più alti della tv italiana,angelina,it
89,"e tutto così magico, e tutto così straordinario, un pezzo che rimarrà nella storia della musica italiana e nella storia della tv",angelina,it
90,"il video più visto di tutto sanremo, e si da benissimo il perché.
momento migliore tra tutti i sanremo che abbia mai visto, indimenticabile ",angelina,it
91,"petizione per non rimuovere mai questa cover dal canale rai!! 
angelina hai vinto tu ieri sera",angelina,it
92,"5:21 5:21 non smetto di ascoltarla e non smetto di commuovermi. mi chiedo quanto forte sia sta giovane ragazza per non piangere. brava, brava brava, geni della mamma.e del papà.",angelina,it
93,credo di non essermi mai emozionata così forte hai toccato tutte le corde della mia anima sei una grandissima meravigliosa artista il tuo papà sarà molto fiero di te i miei più sinceri complimenti ,angelina,it
94,"a chi dice che angelina ha voluto giocare facile, rispondo che non è per niente facile cantare schiacciati dall'emozione struggente per aver perso il papà. angelina sei stata bravissima e ti meriti tutto  grazie per questo regalo",angelina,it
95,qué maravilla! italia está a otro nivel...,angelina,it
96,bravissima! sei riuscita a dare vita e anima ad una canzone già bellissima. non ho parole...solo lacrime e commozione. ,angelina,it
97,"prima o ultima non è importante. qui si parla di qualcosa di molto più essenziale di una classifica. una figlia che canta la canzone del padre scomparso quando lei era solo una ragazzina. farlo rinascere sul palco (proprio dove mango se ne era andato)  è un omaggio straordinario, un momento di pura magia a cui abbiamo avuto la fortuna di assistere.",angelina,it
98,con le lacrime rivedendo questa esibizione nel giorno del mio compleanno ricordando la scomparsa di mia mamma qualche mese fa. grazie angelina ,angelina,it
99,"i don't understand a single word, but i trust in every word she sings. this is talent.",angelina,it
100,"questa è piu di una cover ..piu di una canzone , questa è vita,emozionante ,intensa ,surreale interpretata in modo sublime ",angelina,it
101,brividi dalla prima all'ultima nota: interpretazione magistrale.,angelina,it
102,"niente, impossibile smettere di ascoltarla",angelina,it
103,"da napoletano: è stata derubata. momento più alto della serata cover, farla arrivare seconda è stato imbarazzante, irrispettoso nei confronti della musica e dell'arte, e assurdo. angelina ha eseguito un pezzo leggendario in maniera sublime e trasformato l'italia in una valle di lacrime ed emozioni  sanremo che si piega alle minacce di qualche boss? l'unica spiegazione per il primo posto di geolier. ",angelina,it
104,"connubio voce, orchestra, immagini ed interpretazione. grazie angelina!
sanremo lo vogliamo cosí.",angelina,it
105,bravo de france c'est absolument magnifique,angelina,it
106,struggente dolcezza entra nel profondo nella mia sensibilità e di tutti.......come un urlo che chiunque abbia sentito e visto andar via la persona che ama o ha amato  ha dentro se,angelina,it
107,"angelina ha espresso tutte le emozioni, che un dolore grande, ci lascia. stupenda!",angelina,it
108,"favolosa, un'interpretazione da brividi.... difficile non commuoversi  pensando ai nostri papà in cielo ",angelina,it
109,"questa esibizione di angelina rimarrà eterna la rivedranno anche tra decenni,emozione allo stato puro.",angelina,it
110,"la canzone più bella di tutto il festival visto fin ora, interpretazione da brividi ",angelina,it
111,"interpretazione delicata e d emozionante, gli archi sublimi. bravissima  angelina!",angelina,it
112,"grande mossa rai, tagliare un video che sta diventando virale a livello mondiale, grandi",angelina,it
113,"bravissima, non ci sono parole,  questa canzone è un inno d'amore cantata con passione e con tanta emozione a suo padre. sembrava che si stesse liberando di un dolore ancora forte nel suo cuore, la perdita prematura del suo adorato e grandioso artista papà, mango ",angelina,it
114,"fantastica. suo padre di lassù ne sarà fiero. grande interpretazione, stupenda canzone. meritava veramente di vincere. le auguro vita felicissima con tanti successi. ciao a tutte/i. ",angelina,it
115,"la cosa incredibile è che non abbia vinto. è stata sublime, emozionante, unica.",angelina,it
116,commovente brava angelina hai onorato tuo padre! hai onorato tuo padre e dato a noi una tempesta di emozioni. cantare questa canzone così scoperta con questo arrangiamento bellissimo è cosa difficile! bravaaaa!!!!!,angelina,it
117,"oltre che definirla meravigliosa c'è poco da aggiungere, colpisce direttamente il cuore... trasmette emozioni e commozioni forti... ha saputo cantare la mancanza del padre...
le lacrime? ci stanno tutte  meravigliosa interpretazione",angelina,it
118,"grazie per questo regalo che ci hai fatto, ringrazio i miei genitori per avermi insegnato il valore dei sentimenti usando come mezzo di comunicazione le poesie di tuo papà, ero un bambino che iniziava a rendersi conto di essere in questo mondo e in ogni nostro viaggio ascoltavo le sue canzoni che volta per volta si fermavano nel mio cuore. sono diventato adulto e purtroppo nel tempo si è perso l'amore che vivevo in quei momenti ma grazie alle opere d'arte che pino ci ha donato  riesco a tuffarmi nel passato e a ricordarmi di quanto la mia famiglia fosse felice. angelina ti sarò sempre grato per aver riacceso in me  quella fiamma che purtroppo si era spenta, nonostante mi bastasse premere un tasto per risentire la sua voce. spacca il mondo ma rimani sempre con i piedi per terra perché i valori importanti fanno la differenza e ti potranno rendere unica",angelina,it
119,fantastica mi ha emozionato tantissimo. più che la ascolto più mi viene voglia di risentirla,angelina,it
120,una grande interpretazione e tante lacrime bravissima angelina ,angelina,it
121,"io non lo so come sia possibile, ma quando attacca quel nonostante tu sia la mia rondine andata via mi commuove, non sono proprio di facili sentimentalismi di fronte una canzone, ma questa esibizione entra nellanima, è struggente. siamo di fronte ad un vero talento",angelina,it
122,interpretazione a dir poco meravigliosa. angelina ti meriti tutto il meglio sei una ragazza unica con una voce unica. continua così dopo la tua vittoria a sanremo!,angelina,it
123,ho sentito mille canzoni ma solo questa cantata da lei mi commuove tantissimo....ti entra nel cuore voce incredibile,angelina,it
124,"sembra scritta da lei per dedicarla al suo papà. 
emozioni allo stato puro ",angelina,it
125,"che meraviglia questa ragazza ,da brividi",angelina,it
126,"come fate, rai, a togliere la versione estesa de la rondine di angelina, dopo che ha realizzato nove milioni di views in una settimana?
pensate di tirar su un po' di traffico su rai play?
ma caspita, un po' di lungimiranza! lasciate vivere questo patrimonio dell'umanità!",angelina,it
127,"vi prego lasciate questo capolavoro per intero su youtube, angelina ha fatto un'esibizione che entrerà negli annali.",angelina,it
128,"non ci posso credere , un capolavoro come questo è lo tagliate ?",angelina,it
129,"continuo ad avere le lacrime e a non riuscire a trattenerle, mi fa vibrare dal profondo.
in questa canzone è come se mi coccolasse l'anima, come se lenisse e rendessse meno pesanti tutti i dolori e i lutti della vita. 
e' come se riuscissi a vedere la mia anima in uno specchio, mi ha preso per mano e fatto volare insieme a lei.",angelina,it
130,bravissima e bellissima interpretazione ...si sente a pelle l'affetto e attaccamento che avevi con tuo padre ... complimenti,angelina,it
131,"ritorno quì dopo aver visto migliaia di commenti quasi tutti improntati sulla grandissima commozione, giustamente provata, in quella memorabile serata di venerdì. mi rivolgo ai grandi critici musicali che sono riusciti nell'impresa di criticare questa ragazza meravigliosa affermando che va avanti facendosi spazio con il cognome famoso, che è sopravvalutata e che ha stravolto la canzone originale rallentandola troppo e poi con alcune imperfezioni. lei ha cantato per la prima volta una canzone del padre (se avesse voluto avrebbe potuto farlo in molte occasioni) da sola e davanti ad un pubblico di milioni di persone (immaginate lo stato emotivo!) . perchè ha cantato un successo del padre e perchè allora avrebbe dovuto scegliere un brano che non le apparteneva di qualsiasi grande della musica? questo lo ha sentito suo fin dall'infanzia e lo ha modificato secondo la sua anima per come avrebbe dovuto essere alla sua creazione; un testo così non andava fatto in versione dance e tutto con voce a falsetto e in piu' con il controcanto. tanti a dire '' non avete apprezzato mango in vita per come doveva essere'' ma sfido io ad alzare le mani in quanti avete sentito una sua compilation per intero; certo sentire una sua canzone faceva molto piacere, ma quella sua caratteristica di cantare solo in falsetto alla lunga faceva in modo di portare l'ascolto verso altri generi.  angelina ha iniziato sussurrando e poi anche lei in falsetto e alla fine esplodendo in un gran finale urlato verso il cielo, accompagnata da un arrangiamento di archi e orchestrale sublime senza farsi prendere dalla commozione e tenendo fino alla fine. questo adattamento fatto da lei e dal fratello, secondo me potrebbe ridare un riscontro internazionale a questo brano, se portato alla giusta attenzione, ai livelli di grandi artiste mondiali e se non ha meritato la vittoria con ''la noia''  ha  vinto solo per l'emozione che ci ha regalato in questo festival.",angelina,it
132,ha fatto piangere anche i muri con questo tributo... doveva vincere lei,angelina,it
133,piango ogni volta. che emozione grande! meriti tutto brava angelina,angelina,it
134,"non ho un ricordo di una performance così viva, così reale dellamore. testo da paura, interpretazione superlativa. pochi riusciranno a capire tutto quello che cè dentro. se hai la sensibilità che pochi hanno e hai provato lamore impossibile, quello che ti fa venire fuori il tuo io di follia, e che non è realizzabile, in questa canzone ti puoi lasciar andare in una trance di emozioni e ricordi. buon amore a tutti, e che tutti lo possano vivere almeno una volta nella vita ",angelina,it
135,"non so cosa darei per ascoltare di nuovo questa cover per la prima volta, per riprovare le sensazioni che mi ha lasciato",angelina,it
136,"piu l"" ascolto e piu l'adoro ho pianto x tuo padre  ( questa è una rinascita ) ",angelina,it
137,cantare una canzone del padre anche se inimitabile ma ci è riuscita bene e ha fatto emozionare tutti.bravissima,angelina,it
138,"come ha fatto a non scoppiare in lacrime cantando una canzone già commovente di per sé, con laggiunta dellimpatto emotivo del papà? bravissima, nullaltro da aggiungere.",angelina,it
139,sarebbe davvero bello se questa canzone la portasse anche all'eurovision,angelina,it
140,"there are few occasions i have been moved by a song in the way this did, an incredible voice that is able to live on the work of her father, she is amazing and she certainly has my support at eurovision",angelina,it
141,torno qui ogni giorno,angelina,it
142,potrei sentirla altre mille volte e ripiangerei ogni volta. tuo padre sarà fiero di te da lassù ,angelina,it
143,brividi ed emozioni pure ! sei stata benedetta da tuo padre . in quel momento lui era lì con te più che mai ! ,angelina,it
144,"in quel ""sei nel cielo sbagliato"" c'era tutto il grido dell'anima di angelina.... ",angelina,it
145,"la migliore in assoluto, interpretazione magistrale, sentita ed emozionante al massimo... nessuno come lei...",angelina,it
146,"che dire...  io sono rimasto a bocca aperta  splendida esibizione, eseguita con l'anima e col , prima ancora che con la voce (persino la steccatura finale non ha compromesso l'esecuzione, anzi a mio avviso l'ha abbellita).  qui, orchestra a parte (un applauso pure a codesta), non serviva altri che lei, con la sua splendida voce, per me, meritava di vincere a mani basse",angelina,it
147,"a parte la performance, che si commenta da sola, penso la regia abbia fatto delle scelte azzeccatissime e tutto sommato eseguite bene per essere una trasmissione in diretta",angelina,it
148,pino sta sorridendo in paradiso,angelina,it
149,piango ogni volta che l'ascolto è un capolavoro,angelina,it
150,"quanti di voi pensano che si sia guadagnata la vittoria di sanremo già da questa canzone? io si.
ha avuto coraggio, ed è riuscita nell impresa. tutto ciò che le arriva ora è tutto meritato. brava davvero. ",angelina,it
151,non ci sono parole oer descriverti..una delle esibizioni piu belle nella storia di sanremo ,angelina,it
152,"quanto ho pianto!!!
quanto amore in questa esibizione...
suo padre pino era dietro che abbracciava sua figlia 
angelina mango è una grande!!!!!",angelina,it
153,meravigliosa vengono i brividi ogni volta che l'ascolto per quandi mi emoziona,angelina,it
154,"premetto che se c'è una trasmissione che evito di seguire con cura è proprio sanremo, quando ho saputo di questa cover ho dovuto vederla e sentirla: mi sono commosso come con i miei brani preferiti. voce, interpretazione e presenza sul palco da brividi! veramente tanti complimenti: la degna figlia di suo padre!",angelina,it
155,"her father was an artist, she is a divinity. well done for honoring him. it couldn't have been better.",angelina,it
156,"e' la cosa più incredibile che abbia sentito a sanremo negli ultimi dieci anni. aspettative alte, rischio enorme, interpretazione sublime. di diritto nella storia.",angelina,it
157,"ho bisogno di questa canzone su spotify perché devo ascoltarla in loop tutto il giorno, pleaseeee ",angelina,it
158,potrei ascoltarla 100 volte e 100 volte mi commuovo,angelina,it
159,"e me fatt chiagner nata vot , grazie angelina grazie mille sei bravissima",angelina,it
160,credo che è linterpretazione di canto più straordinaria a cui io abbia mai assistito in tv,angelina,it
161,"provate a mettervi nei suoi panni e cantare ""la mia rondine è andata via....sei nel cielo sbagliato....""

brividi....",angelina,it
162,hai fatto la storia angelina. oltre ogni classifica che lascia il tempo che trova questa esibizione rimarrà nella storia del festival. brividi dall'inizio alla fine. mi hai devastato,angelina,it
163,bellissima voce e ragazza dalla grande umiltà,angelina,it
164,brividi....io la dedico a mio figlio! ciao massimo ,angelina,it
165,"meravigliosa voce, meravigliosi archi. bravissimi",angelina,it
166,sei riuscita a far commuovere una persona che non riusciva a piangere da anni saresti solo da sposare ,angelina,it
167,angelina grazie per aver trasformato un grande dolore in una grande emozione che ci ha travolto i cuori. ,angelina,it
168,"non cè tanto da dire. non cè bisogno di nessun riconoscimento qua, nessun premio o posizione in classifica può intaccare limmensità di questa performance. grazie angelina per aver condiviso questo momento con noi .",angelina,it
169,"questa canzone, la dedico a te, a te che sei lassù da 10 mesi.
il tempo sembra si sia fermato a quella tragica mattina. alle ore 7:18, di 10 mesi fa, il nostro orologio si rompeva per sempre. spero solo che non ti sia accorta del momento in cui lasciavi la terra, per andare a riposare nell'alto dei cieli. ti auguro di riposare in pace zia per l'eternità. ",angelina,it
170,angelina deve cantare canzoni che mettano in luce le sue doti tecniche!,angelina,it
171,"quando finalmente si sente una bella canzone di un grande artista, interpretata magistralmente da sua figlia e il video viene visto in tutto il mondo, la rai taglia... e poi ha il coraggio di parlare di cultura. ridicoli",angelina,it
172,i brividi. sentire cantare angelina questa canzone fa venire i brividi. meravigliosa,angelina,it
173,brividi di note che scuotono tutte le foglie di questo pianeta e sanno farle volare raggiungere ogni parte di questo universo.,angelina,it
174,"la combinazione fra gli archi e la sua voce è micidiale. una botta emozionale quando scoppia in ""dove sei, dove sei, dove sei"", un'esplosione di musica e voce.",angelina,it
175,fantastica......non ci sono parole per descrivere il cuore di questa ragazza........ emozionante......,angelina,it
176,che cosa hai fatto angelina...cosa hai creato....due cuori in una sola anima ,angelina,it
177,"why why why why shorten to one minute? why ruin such a beautiful performance, so emotional, so great,  please return all the videos to the full versions of all the performances as it was before. please rai",angelina,it
178,bravissima angelina........ho sempre i brividi quando ascolto questo capolavoro ,angelina,it
179,prinderit jane mbeshtetje e femijeve zoti te mbeshtese ty me zerin e bukur kujtimi i babait nuk harrohet zoti e meshirofte atje ne qiell e paste meshire per te te uroj me zemer ty dhe familjes suksese e gjithe te mirat e botes zoti wofte me ty te lumte qe ke ecur ne gjurmet e babait  ,angelina,it
180,"sembra quasi che pino l'abbia scritta per farla cantare ad angelina a seguito della sua scomparsa... é assurdo, straordinario e magico. forse per farci capire cos'è l'amore? forse non so... resta il fatto che è stato un'artista in grado di fare musica che rimane nella storia, sempre tradizionale, mai banale, con una voce straordinaria... e brava angelina, si è letto il tuo dolore, il tuo coraggio, la tua energia....stupendo, magnifico",angelina,it
181,ancora sono rimasto a questo momento ,angelina,it
182,possiamo dire che è nata una stella ,angelina,it
183,"questa esibizione non è una cantata. è una preghiera!!!
noi non avevamo capito, grazie pino, grazie angelina. la tua versione dimostra questo urlo disperato, che chiedi ""padre, dove sei, dove sei..?"". 
tu sei nata nel 2001 e questo brano tuo papà lo ha scritto mentre tua mamma laura ti aspettava. assieme al suo amico poeta grande poeta pasquale pannella. ma era per te! vai all'eurovision song contest! e fai vedere a tutti chi sei! con il tuo cuore e con l'abbraccio dell'ala piumata di tuo papà che ti tiferà da lassù. ",angelina,it
184,questa struggente e intima interpretazione ha inciso per sempre la nostra anima...benvenuta angelina nell olimpo dei piu grandi.,angelina,it
185,non riesco a smettere di guardare,angelina,it
186,"12 ore che ascolto questa cover e 12 ore che piango senza sosta
anche io ho perso mio papà nello stesso anno di angelina, avevo 17 anni
credo che abbia un significato ancora più speciale per chi ha subito un lutto di questo genere e questo provoca le mie ripetute lacrime",angelina,it
187,"grande emotività... ma grande arrangiamento... 
complimenti. 
basterebbe fare più musica così per avere in italia una qualità musicale più alta. 
in antitesi a quanto si pensa le case discografiche sono le maggiori nemiche della musica stessa.",angelina,it
188,grazie rai per aver tagliato tutti i video di sanremo a un minuto. ti si vuole bene proprio come a una mamma.,angelina,it
189,"l'italia riparta da angelina mango .. c'è bisogno di luce, bellezza, leggerezza e anima.",angelina,it
190,è la decima volta che ascolto questa interpretazione e ancora mi vengono i brividi,angelina,it
191,"portare alla luce una vecchia canzone merita quasi quanto crearne una nuova.
grazie infinite. io non conoscevo la rondine",angelina,it
192,"sono giorni che la ascolto. non sono piu' la stessa dopo questa interpretazione cosi' carica e potente. posso dire? chi se ne frega dei voti, chi se ne frega delle imperfezioni, e anche chi se ne frega della vittoria di un festival. quello che vogliamo e' che la musica, che e' un'arte, ci emozioni. e qua lei ci ha donato tutta se stessa per emozionarci. quando una esibizione lascia il segno di emozioni indelebili, ecco, questa, signori, e' la vera vittoria di ogni artista.",angelina,it
193,"bellissima interpretazione bravissima, brividi",angelina,it
194,"uno dei momenti più intensi di sempre, grazie angelina! ",angelina,it
195,di un altro livello...senza togliete nulla a nesso ma una cosa del genere è da brivido...,angelina,it
196,"non c'è nulla da aggiungere alle bellissime parole di qusti commenti che fanno capire di essere dinanzi ad un capolavoro assoluto e ad un talento puro. a differenza della ""rondine"" tu, angelina, sei nel cielo giusto!!!!",angelina,it
197,"parto col dire che ascolto prevalentemente il rap come genere musicale, non mi limito solo a quel genere, ascolto genericamente di tutto, con questo non dico che mi intendo di musica come un critico, ma con una voce del genere, acuta ma allo stesso tempo delicata e non stancabile, con un senso profondo sensibilissimo che più o meno tutti conosciamo, ed una responsabilità a cantare una canzone che porta un peso pari a due mila camion   che si posano a piena massa sulle spalle. non è una cosa da tutti ed è impossibile non riconoscerne talento e una sottospecie di maturità nel quel che fa, brava angelina mi hai fatto venire i brividi sulla pelle ",angelina,it
198,il modo in cui l'ho ascoltata 20 volte e non riesco ad ascoltarla senza piangere,angelina,it
199,bravissima si merita tutto il successo !,angelina,it
200,spero vivamente che angelina non incida questo pezzo. deve rimanere qui cristallizzato su questo palco in ricordo di una delle performance più emozionanti della storia musicale italiana.,angelina,it
201,ho pianto.... mai visto e sentito niente si più dolce e tenero....immensa ,angelina,it
202,rimarrà nella storia... troppo commovente,angelina,it
203,l'unica esibizione che dimostra arte. in questo san remo. è  riuscita a unire arte e forte emozioni. il  talmento unito al ricordo del papà  ha creato un'esibizione inarrivabile. è  riuscita a fornire in questa esibizione talento e dolore per la scomparsa del papà. non c'è  stata storia ne competizione. questa è  stata arte allo stato puro,angelina,it
204,"erano lì insieme,un emozione ed una forza eccezionali.lui era lì e sono convinto che sorrideva vedendo la sua rondine regalargli il suo miglior canto.veramente eccezionale.",angelina,it
205,"la delicatezza con cui la canta, sembrava un dialogo intimo tra loro due ha reso questa canzone loro sei stata immensa, litalia si è commossa con te.. grazie per averci cantato questo pezzo per te difficile l hai reso come un diamante prezioso! grazie grazie e grazie ",angelina,it
206,"sei stata bravissima! hai cantato con il cuore e con l'anima un capolavoro di tuo padre cara angelina! anch'io ho perso mio padre 11 anni fa,ma per una brutta malattia,ed il tuo omaggio all'artista ma soprattutto all'uomo e padre ha schiuso il mio vaso di pandora,facendo uscire sensazioni ed emozioni che credevo di aver perso da molto tempo... ",angelina,it
207,"soltanto lei ha lonore di cantare questa canzone.
brava angelina",angelina,it
208,masterpiece!! greetings from poland!!,angelina,it
209,angelina sei entrata nei cuori degli  italiani resta sempre così semplice come era il tuo caro papà umile,angelina,it
210,"ho appena riascoltato di nuovo questa esibizioni, forse la settima o ottava volta da venerdì scorso, il risultato è sempre lo stesso... mi commuove profondamente, eppure, non sono uno che facilmente si commuove...
forse è stata l'esibizione meno perfetta, ma è stato un vero e autentico respiro dell'anima. ",angelina,it
211,una canzone che sembra sia stata scritta in passato pensando a questo momento. interpretazione da brividi. super.,angelina,it
212,"ha reso una canzone piena di magia. un brivido insostenibile bravissima! una versione completamente rivisitata, moderna e commovente ",angelina,it
213,degna vincitrice di sanremo. complimenti vivissimi.,angelina,it
214,"il mio amato nonno materno è scomparso il 12 febbraio a seguito di un lungo calvario,lui che era una roccia,il pilastro dell'intera famiglia e che la malattia l'aveva ormai consunto da non riuscire piu a respirare.anche la mia rondine è andata via,tale che questo cielo sembra essere sbagliato anche per me, perché un nonno non è altro che un secondo padre,quelle radici che ci indicano sempre casa e quelle forti ali per volare sulle infinite strade della vita.addio nonno francesco,ti amerò per sempre.",angelina,it
215,non pensavo nella mia. vita di provare questa emozione ,angelina,it
216,angelina sei nella storia ,angelina,it
217,"la verità é che angelina mango ci ha fatti emozionare tutti perché ognuno di noi ha la sua rondine in quel cielo sbagliato e lei, con la sua esibizione, ha tradotto ogni nostro dolore in una struggente e meravigliosa immagine fatta di ricordi in bianco e nero, colorati da un linguaggio universale: la musica.",angelina,it
218,"struggente, meravigliosa interpretazione, grazie di cuore angelina, anche a me come a te manca tanto mio papà",angelina,it
219,soavemente cantanta come una preghiera direttamente dedicata al suo grande papà ,angelina,it
220,l'orchestra ha fatto un lavoro superlativo,angelina,it
221,tutte le volte che ascolto questa canzone interpretata dalla figlia di pino mango mi commuove così tanto che mi metto a piangere ,angelina,it
222,"cantare la canzone di una leggenda della musica italiana, che era suo padre, scomparso improvvisamente quando lei era bambina ha un carico emotivo clamoroso... avere controllo della voce e delle proprie emozioni era ai limiti dell'impossibile eppure ce l'ha fatta... non ha vinto sanremo perché era la figlia di pino mango... ha vinto sanremo perché è angelina mango... ha dimostrato una maturità musicale clamorosa sapendo cantare su ritmi diversi, su estensioni vocali differenti e tipologie di canzoni completamente diverse.... forse dopo i tempi di giorgia, laura pausini, eros ramazzotti, tiziano ferro e dopo i tempi bui delle varie emma, amoroso, sangiovanni, ecc.... finalmente possiamo dire che sta nascendo una stella che con la sua umiltà può presentarsi su palchi internazionali a rappresentare la musica italiana",angelina,it
223,"quant'è difficile mantenere le lacrime pensando ad una persona a noi cara scomparsa troppo presto? è ancora più difficile trattenerle nel cantare una canzone scritta dal proprio padre scomparso! hai travolto il cuore di chi come te ha vissuto la scomparsa di un genitore, ma con la forza della tua voce lo hai ricomposto facendoci sentire vivi e riportandoli in vita. grazie ",angelina,it
224,"questa esibizione è oggettivamente una delle più emozionati e sentite del festival, per me al pari di quella di renato zero del 1991. angelina ha ricordato a tutti noi che la rondine è un gran pezzo, dandone una lettura ancora più struggente e intensa rispetto alla versione del padre... mentre per pino la rondine poteva essere un amore finito e perduto, qui angelina trasforma la sua rondine nello stesso pino, perso per sempre, prendendo la canzone per mano e portandola su un altro piano, del tutto personale. non è tale e quale show, è una sua personale interpretazione, dove la bellezza e la forza del pezzo è amplificata dal suo dolore, dal suo dove sei ripetuto più volte, dal sapere che purtroppo non c'è risposta a questa domanda se non cercare nel cielo sbagliato, ma soprattutto, per me, da alcuni passaggi dove il suo sentimento è    un'unica cosa con la sua voce. tutto ciò rende l'interpretazione umana e unica e il pubblico l'ha capito e sentito. penso che una interpretazione così intensa, con un legame così forte che lega l'autore all'interprete, con un testo che magicamente descrive il sentimento di chi canta (come se fosse un testamento) difficilmente potrà accadere di nuovo... la ricorderemo per anni, come una delle esibizioni migliori del festival.",angelina,it
225,"mango!! che capolavoro hai fatto, semplicemente stupenda,",angelina,it
226,la rondine: ke canzone meravigliosa ci ha lasciato mango... volato via troppo presto e purtroppo mai ritornato x regalarci ancora tanta melodia; x fortuna ci ha lasciato angelina.,angelina,it
227,"commovente, splendita interpretazione. quanti brividi, spettacolo!",angelina,it
228,"angelina mango,sei un talento vero una bravissima cantante con una voce bellissima come i tuoi genitori e il mio è un commento condiviso con tutti i miei figli che sono una violoncellista e + e l'altro un violinista e + e che tra l'altro hanno soltanto poco piu dei tuoi 22anni . auguri vivissimi e meritatissimi",angelina,it
229,"credo non tuo padre non sarebbe potuto essere più fiero di te... con questa canzone mi sei entrata nell'anima.. complimenti per la voce, per il coraggio e la forza con cui hai cantato questo brano.. emozione pura.",angelina,it
230,"credo che questo festival l'abbia vinto anche e soprattutto per la sua disarmante interpretazione di questo brano favoloso. durante la finale accanto a lei, quando amadeus pronuncia il suo nome, c'era anche il suo papà sul palco. congratulazioni ad entrambi",angelina,it
231,a  star is born!!!! ,angelina,it
232,"se la musica è emozione, ecco ci siamo, bravissima ",angelina,it
233,un usignolo che canta al cielo ,angelina,it
234,per questo motivo ha vinto la mia carissima angelina  che bellissima interpretazione.....,angelina,it
235,"hai perso tuo papà a 13 anni e non posso immaginare il dolore che hai provato, povera piccola. ma ieri sera tutto questo dolore si è tramutato nella più struggente dimostrazione di amore verso un padre che non c'è più. hai scosso l'anima di milioni di persone, dimostrando a tutti noi che parole e musica possono donarci l'eternità.",angelina,it
236,"angelina ha cantato suo padre,e pino, magicamente,era con lei,e le accarezzava le mani.questo è un bellissimo esempio di amorosi sensi,che vanno al di là di ogni dimensione....di ogni legame.angelina ha dato la voce terrena all' anima ormai celeste di suo padre,che adesso allieterà il paradiso per sempre.",angelina,it
237,"mi hai fatto piangere che ricordi con le canzoni di mangosei bellissima,bravissima e questo pezzonon ho parole..",angelina,it
238,penso che nessuno mai abbia cantato così bene a sanremo,angelina,it
239,magnifique ,angelina,it
240,la più bella cover che ho mai visto dopo che guardo sanremo . bravi per me loro hanno stravinto non c'è stata partita,angelina,it
241,quanti ascolti devo fare per smettere di avere i brividi?,angelina,it
242,continuerei ad ascoltarti solo per sentire la grande emozione che mi regali ogni volta sei meravigliosa .,angelina,it
243,"eccezionale!
brava!
ti sei strameritata sanremo con la tua canzone.
ma questa interpretazione e' divina,questa e' musica.",angelina,it
244,tra le 5 esibizioni più belle della storia di sanremo,angelina,it
245,"interpretazione della canzone del padre ,sublime",angelina,it
246,finiranno i brividi che ho addosso prima o poi?,angelina,it
247,"questa  è più di una canzone, è il canto di un'anima. resterà nei cuori di tanta gente, per tanto tempo. non è solo un omaggio a mango, è il canto struggente e disperato, a tratti anche arrabbiato, di una figlia che canta per il padre e con lui.",angelina,it
248,bravissima .. bellissima interpretazione...si sentiva a pelle l'amore e l'attaccamento che avevi con tuo padre.... complimenti ,angelina,it
249,dedicò questa canzone a mio marito amedeo che è volato in cielo come mango i mi manca tanto tantissimo ,angelina,it
250,"e stata brava.bella esecuzine,ri arrangiamento bello e furbo..il quartetto di archi mostruoso..",angelina,it
251,una interpretazione eccezionale ! qui ha vinto il festival,angelina,it
252,che spettacolo! che brava. non riesco a smettere di guardare questa bellissima interpretazione.  ogni volto mi commuovo.,angelina,it
253,il canto di dolore di una figlia che non ha piu il suo papà accanto. ha commosso tutti!  straordinaria,angelina,it
254,"si va ben oltre la bellissima canzone qua, interpretazione perfetta ed emozionante, che racchiude e racconta tutti i sentimenti... bellissima",angelina,it
255,"commovente,  una meraviglia! quando la musica va dritta al cuore . ",angelina,it
256,"c'erano solo loro due. figlia e padre. noi, un contorno estasiato.",angelina,it
257,ormai lo guardo ogni giorno ,angelina,it
258,indimenticabile questa cover!!! incredibile meritava il premio come miglior cover.,angelina,it
259,poche volte nella vita capita di vedere un'anima che canta. e questa è una di quelle.,angelina,it
260,"celestiale...sublime...questa esibizione, fantastica angelina!!!!",angelina,it
261,di solito i video di sanremo dopo una settimana scompaiono chiedo alla rai di non fare questo grave errore di cancellare questo video (mi piacerebbe che non si cancellasse anche quello di alfa e vecchioni ma penso che verrà cancellato) perché questa canzone reinterprata da angelina mango è già un pezzo di storia del festival che non va dimenticata,angelina,it
262,"una grande responsabilità per una ragazza di 22 anni.. ha superato la prova egregiamente, come solo una figlia sa fare.
vedendo tante volte questo video ho sempre la stessa sensazione mentre canta è una donna, quando si accendono le luci e finisce la canzone torna ad essere una ragazza.. alla fine la vedo convinta, serena, come liberata dalla voglia di cantare questo bravo, un brano sentito da lei e si nota prima tutto l'amore per il papà e dopo la liberazione di volergli dire qualcosa.. ha trattenuto le emozioni e non è semplice dimostrarsi così quando si tratta di sentimenti.. per una figlia il primo amore resta sempre il papà.. grazie pino per questo brano e per questa figlia che ci hai regalato ",angelina,it
263,lacrime.. sei davvero speciale continua e fregate delle critiche hai una voce unica che fa emozionare ,angelina,it
264,"un video fa 9 milioni di visualizzazioni, la rai: "" tagliamolo così non lo guarda più nessuno e ricordiamoci di non mettiamo assolutamente il link per il video completo su rai play!""",angelina,it
265,"angelina, tutta italia ha sentito il tuo dolore. grazie. perché hai dato voce a chi come te prova questo dolore e si chiede continuamente dove sei?. ti abbraccio ",angelina,it
266,"non l avrei mai detto, ma mi hai emozionato tantissimo. non riesco ad ascoltare questa esibizione senza commuovermi. grazie mille ",angelina,it
267,continuo a piangere dolcissima angelina pensando anche sl tuo.meraviglioso papà grazie di  per questa emozione che ci hai dato la canti divinamente e son felice che tanti  amici di yu tube condividono  con me quedta meraviglia ,angelina,it
268,angelina io avrei un esame e non riesco a studiare perché non riesco a superare questo momento,angelina,it
269,come ommaggio al padre defunto è stata cantata molto bene ed è stato emozionante ad ascoltarla e il pezzo del ritornello che dice nonostante tu sia la mia rondine andata via sei il mio volo a meta' mi ha quasi fatto piangere nel suo caso rendeva molto chiaramente il messaggio della canzone,angelina,it
270,"qualcuno ha ancora il coraggio di dire che sia li, solo perché ""raccomandata""?
personalmente durante questa sua esibizione mi sono emozionata e commossa, tanto che appena ha finito di cantare ho spento la tv, perché non sono riuscita più a vedere nient altro.
ha omaggiato suo padre con una delle canzoni più belle e l'ha reinterpretata in modo magistrale.",angelina,it
271,"sto ancora piangendo. l'ho riascoltata mille volte. inevitabilmente, pensare al mio papà. 
brividi. 
bravissima.",angelina,it
272,sei nel cielo sbagliato... con quanta forza l'ha detto. best tribute ever.,angelina,it
273,"quando dice dove sei dove sei,  sei nel cielo sbagliato li mi si spezza il cuore e quanta anima saranno dieci anni che non sento una meraviglia simile rimarrà nella storia del festival di sanremo, quando un anno fa si è presentata nel talent amici per emergere non ha mai parlato del padre sempre molto discreta e io li ho visto angelina e la sua bravura non la figlia di... trovare il coraggio nella gara cover davanti a un pubblico così  cantare pino mango deve essere stata la prova più dura della sua vita.. grazie angelina",angelina,it
274,"non la conoscevo bene ma è palese che le ha donato la sua straordinaria bravura e sensibilità, e lei lo ha reso noto al pubblico, d'altronde credo che un bravo papà sarà sempre presente nel nostro cuore in ognuno di noi.",angelina,it
275,complimenti alla rai che per l'ennesima volta fa i suoi interessi,angelina,it
276,toccante ricordo del grande mango. grazie,angelina,it
277,"papà, da lassù, sarà stato orgoglioso di te. se fosse ancora con te, voi due avreste fatto un magnifico duetto ",angelina,it
278,bellissimo omaggio all'indimenticabile mango. bravissima!!,angelina,it
279,è forse la prima volta di sempre che la canzone cover ha molte più visualizzazioni della canzone originale e addirittura vincitrice,angelina,it
280,"eccezionale  e la rondine che ha vinto!,,come ha  fatto a continuare con il cuore in gola pensando a papá,,straordinaria e talentuosa performance,, la vittoria e giusta e meritata ,,con la ""rondine"" nn con la noia e solo noia.bravaaaaa!!!",angelina,it
281,"grazie pino ad aver messo al mondo la passionale, innamorante, unica angelina che a sanremo mi  ha commosso.......ha fatto riemergere  in me, tuo vecchio fan, il ricordo e l'amore per la tua musica, portentosa ed incredibile,  destinata a non essere mai  dimenticata.... non solo  per i suoi inimmaginabili prodigi ed incantesimi arcani, ma per la tua signorilità ed autenticità, più dolce del miele...... la tua vittoria, angelina,  che è l'ineluttabile realtà del dna canoro che ti porti dentro... per non dimenticare la portentosa voce in ""ti sento""  di tua madre, che ci ha fatto sentire per anni ladri di emozioni, ha il sapore della favola e del segreto che circonda  le cose più belle",angelina,it
282,struggente...emozionante ...hai commosso tutti,angelina,it
283,"un esempio chiaro e perfetto di quando e quanto la vita sia più grande di noi. una canzone scritta 20 anni prima con un significato dal padre, diventa un filo conduttore meravigliosamente emozionante per un significato nuovo e sorprendentemente più profondo visto con gli occhi della figlia che la interpreta dopo la sua morte. in questa versione, per il suo nuovo significato, diventa così più bella dell'originale.",angelina,it
284,questa canzone è bellissima cantata da lei.. quanto cuore ,angelina,it
285,stupenda  mi sono commossa e poi l  accompagnamento degli archi è stato geniale,angelina,it
286,comprendo i vincoli contrattuali ma una performance da 9 milioni di visualizzazioni non meriterebbe di essere tagliata così brutalmente.,angelina,it
287,"l'amore che unisce il padre alla figlia, è  palpabile e denso di una dolcezza  incredibile..",angelina,it
288,arrangiamento magistrale che ha sublimato la versione originale,angelina,it
289,"non sono molte le esibizioni di sanremo che rimangono iconiche, incise nella storia... questa ha tutto il diritto di essere inserita in questa lista.
quando canti con così tanta emozione, empatia e libertà da entrare nel cuore delle persone!
angelina sei unica!",angelina,it
290,mi commuove la sua voce armoniosa e potente insieme,angelina,it
291,"che bello ascoltarli insieme, questa è vera musica.",angelina,it
292,"ci sono commenti splendidi e non sono in grado di scrivere niente di meglio. una interpretazione che tocca l'essenza dell'essere umano, sale in cima a tutto, ti afferra i cuori, anche quelli più duri, e te li ribalta. oltre un amore così, non c'è niente. la lancetta tocca il fondo.",angelina,it
293,maravilhosa meu deus! que música linda!,angelina,it
294,esibizione pazzesca e commovente ,angelina,it
295,quel dove sei? mette i brividi ,angelina,it
296,sono passati 4 giorni e ho ancora i brividi addosso ,angelina,it
297,"prolunghiamo i minuti delle cover, non riduciamo queste bellissime esibizioni ad un solo minuto..",angelina,it
298,"esibizione da brivido, questa canzone è stata premiata giustamente. canzone cantata con il cuore, angelina canta come suo padre, peccato che pino mango  non sia più tra noi.",angelina,it
299,è commovente tutte le volte che l'ascolto..,angelina,it
300,"mi ha emozionato, facendomi pensare a mio padre...anche lui nel cielo sbagliato ",angelina,it
301,"""nonostante tu sia la mia rondine andata via... dove sei? dove sei?? sei il mio volo a metà, sei nel cielo sbagliato"" : queste parole sembrano rivolte al suo grande padre. stupendo l'arrangiamento di questa poesia. angelina voce e interpretazione meravigliosa. mi ha commosso questa cover, anch'io ho perso il mio caro papà di recente.",angelina,it
302,"non ho seguito sanremo ma ho avuto modo di ascoltare questa canzone, stupenda da brividi",angelina,it
303,"piango ogni volta,da brividi .semplicemente meravigliosa ",angelina,it
304,ma perché non c'è più il video integrale della canzone maledetti,angelina,it
305,un pezzo da morire di emozione!!! io ho pianto come per il  duetto con vecchioni ...sono molto addolorata che nessuno abbia detto nulla,angelina,it
306,non o parole.....la migliore con questa canzone secondo me,angelina,it
307,"un'esibizione magistrale, di una potenza emotiva incredibile. come si fa a non rimanerne coinvolti? e a non provare alcuna emozione?! il tenero abbraccio di una figlia al suo papà che purtroppo non c'è più. tutta l'esibizione di angelina è stata di una delicatezza e di una dolcezza al di fuori dal comune, straziante quel ""dove sei dove sei"" che veramente tocca le corde più profonde dell'animo umano. ogni volta che lo ascolto, mi trovo a gridare anch'io a mio padre dove sei dove sei",angelina,it
308,"unica, insuperabile. emozioni forti ",angelina,it
309,"ti prego incidila su disco così la possiamo ascoltare in loop in altro modo  brava, emozionante, da pelle d'oca...",angelina,it
310,"non l ho mai apprezzata come cantante, ma questa esibizione non è di questa terra. lo ammetto. touche",angelina,it
311,piu' l'ascolto piu' piango..meravigliosa,angelina,it
312,"nel panorama della musica dei giovani angelina mango è l'unica che brilla come una nuova  vera stella della musica italiana, interpretazione magnifica  speriamo continui a regalarci queste meraviglie ",angelina,it
313,si è fermata litalia per 5 minuti. mai vista una cosa del genere. momento storico.,angelina,it
314,spettacolare... immagino quanto sia stato orgoglioso il padre da lassú,angelina,it
315,da pelle d'oca capolavoro bravissima questa era musica.,angelina,it
316, mi a colpita tanto la sua voce.spacca angiolina mango,angelina,it
317,perfezione ed intensità rare... cosa si può dire,angelina,it
318,resto senza fiato ad ogni ascolto,angelina,it
319,mi ha fatto commuovere. una potenza devastante! l'ha cantata con l'anima con suo papà al suo fianco,angelina,it
320,qui è stata veramente grandiosa...tanto talento ,angelina,it
321,non mi stanco mai di sentirla ......emozionante ,angelina,it
322,"non ho oarole bravissima ,questa è l'eredità che ti ha lasciato il tuo grande papà grande maestoso papà",angelina,it
323,"mamma mia! quante lacrime. 
grandiosa!",angelina,it
324,sto sentendo la tua canzone ... rondine....e bellissima ma ho i brividi e mi fai piangere sei bravissima ,angelina,it
325,il testo acquisisce un significato nuovo. forse anche più intenso e profondo rispetto a quando le stesse parole le cantava il padre. incredibile esibizione.,angelina,it
326,"veramente una canzone che colpisce nel profondo del cuore. angelina, noi e tuo padre saremo sempre insieme a te e ti sosterremo! sei una grandissima ragazza di cuore  sono sicura che tuo padre è fiero di te!",angelina,it
327,una specie di miracolo che ha fermato il tempo per cinque minuti. un testo che sembra essere stato scritto prevedendo tutto quello che sarebbe successo o addirittura creato da angelina per il padre.,angelina,it
328,8.5 milioni di visualizzazioni,angelina,it
329,una bella poesia cantata prima dal padre e ora dalla figlia...bravissimi,angelina,it
330,voi della rai siete infami anche su youtube a non tenere il video completo di un'esibizione maiuscola,angelina,it
331,"ha ""spogliato"" la già bellissima canzone del padre personalizzandola e cucendola su se stessa, mettendoci tutto il suo amore per lui, la nostalgia per lui, la disperazione per la sua mancanza, interpretandola in maniera clamorosa e commovente. un'emozione incredibile",angelina,it
332,"davvero spettacolare, sono senza parole. tralascia emozioni indescrivibili ",angelina,it
333,"nemmeno la cipolla mi fa piangere ma tu ci sei riuscita, immensa angelina",angelina,it
334,ragazza preziosa! con questa esibizione si piazza tra le più alte vette della canzone italiana di sempre. rimarrà nella storia.,angelina,it
335,bellissima come i tuoi genitori angelina  avanti tutta così  sei bellissima voce e bellissima tu,angelina,it
336,non mi sono ancora ripreso...,angelina,it
337,"eccezionale! non sentivo un'interpretazione così intensa da anni, mi sono commosso.... complimenti, la mela non è caduta lontano dall'albero.",angelina,it
338,una canzone che ti fa innamorare ,angelina,it
339,"74 minuti di applausi.
mango vive ",angelina,it
340,quando il padre mori' scrissero che la musica italiana aveva perso la sua rondine....ora è ritornata......,angelina,it
341,bellissima!!! capisco il tuo dolore e mi dispiace molto(continua così angelina),angelina,it
342,potrei sentirla altre mille volte e ripiangerei ogni volta. tuo padre sarà fiero di te da lassù ,angelina,it
343,"tuo padre da là sopra si è fatto una risata e a petto in fuori ha urlato ""quella è mia figlia"". e noi siamo qui a piangere la sua mancanza. ma la sua musica vive ancora tramite te. grazie per questo regalo, angelina",angelina,it
344,"non è tanto cantare la canzone,  quello può farlo chiunque sappia cantare...ma è cantarla così.  con questo pathos con questo vissuto che ha solo lei dentro di sé...immensa. sembra quasi che mango l'abbia scritta sapendo che questo momento sarebbe arrivato!",angelina,it
345,la ascolto ogni mattina sveglio almeno 5 volteemozioni uniche,angelina,it
346,che forte vibrazione. immagino il papà li con lei sul palco,angelina,it
347,"divina, celestiale",angelina,it
348,sei bravissima angelina tu sei la persona più brava che non ho mai,angelina,it
349,"nulla contro la canzone napoletana, bella e con tanti brani stupendi. ma ieri sera cera una sola vincitrice: angelina mango. un momento incredibile, struggente, indimenticabile. sembrava di sentire anche il grande pino mango cantare con lei, nei suoi bellissimi vibrati, nel suo sguardo, nella magia dellariston in visibilio!!!! ",angelina,it
350,questa esibizione le ha fatto vincere sanremo. complimenti,angelina,it
351,mamma mia é sempre un'emozione immensa e profonda. tocca l'anima,angelina,it
352,appello alla rai ..non togliete il video per favore ,angelina,it
353,l'interpretazione più bella mai vista a sanremo,angelina,it
354,"appello alla rai affinché non tolga mai questo video, quello del volo con stef burns e quello dei santi francesi con skin. abbiamo toccato il cielo",angelina,it
355,"mi vengono giù lacrime a dirotto ogni volta che la riascolto. che dire? sei semplicemente meravigliosa.
un' interpretazione fatta con l'anima, struggente, da brividi, toccando le corde più profonde dell' anima..credo che tutta l'italia si sia commossa. ti adoro! e adoravo anche tuo padre, grande maestro ",angelina,it
356,io sto di nuovo piangendo  angelina sei una grande continua così che emozione ,angelina,it
357,"struggente emozionante, con questa esibizione a toccato tanti",angelina,it
358,"bravissima angelina,un omaggio al suo caro e grande pino mango.",angelina,it
359,semplicemente la miglior cover. brividi.,angelina,it
360,"tanta tanta roba , la riascolto e piango con un nodo alla gola , eccezionale !",angelina,it
361,ho 48 anni muratore è riuscita a farmi commuovere pensando a mio padre che mi manca  da quando avevo  3 anni  grande angelina brividi non meritavi  vittoria migliore,angelina,it
362,a dir poco magistrale interpretazione e perfetta esecuzione canora! questa è la risposta perché lei ha vinto sanremo e giolier no capite l'enorme differenza è competenza?,angelina,it
363,"ascoltando questo brano di papà mango , cantato dalla figlia angelina , si ha la sensazione entrare in un altra dimensione .",angelina,it
364,la rondine é ritornata,angelina,it
365,"brividi e lacrime come mai, grazie pino e angelina",angelina,it
366,"perché non avete lasciato la versione integrale, ma solo 1 minuto",angelina,it
367,penso che angelina sia una grande artista. ieri la sua voce era piena di emozione...grande coraggio essere arrivata fino in fondo senza piangere.  brava angelina.  bravo pino !,angelina,it
368,espetacular ,angelina,it
369,semplicemente unica. da brividi. bravissima!,angelina,it
370,meritava di vincere sanremo solo per questa esibizione!!!,angelina,it
371,angelina non dimenticare mai le tue origini lucane! ,angelina,it
372,perche lo hanno accorciato?,angelina,it
373,"questa esecuzione è così profonda, intimista, delicata, intensa, sublime, inumana, angelica, che credo non ci sia mai stata prima in italia. non è questione solo di tecnica vocale, ma davvero di anima che respira oltre tutto. universale!  mai nulla di simile in italia.",angelina,it
374,una meravigliosa performance indimenticabile!,angelina,it
375,ha fatto commuovere il mondo non solo sanremo e' l'italia intera ....sei stata  immensa  angelina .ovunque tu sia pino? sappi che hai lasciato sulla terra  la tua anima meravigiosa che eri ??  in tua figlia ...angelina mango ......una rondine meravigliosa e' grande erede della tua immensa poesia che ci hai rrgalato dentro la tua siave voce e' stupende canzoni .......una cover che ha messo la firma su questo festival la sua storia e di cui fu all' epoca creato lo scopo  .. regalare tanto amore nella musica..... meravigliosa angelina ..,angelina,it
376,ma perche hanno diminuito la durata del video? prima c'era l'esibizione completa ora solo un minuto,angelina,it
377,"good luck for esc and future, i am sure it will be bright.",angelina,it
378,perché hanno tagliato il video???,angelina,it
379,davvero da brividi... la stava cantando a lui... la stava cantando con lui... ,angelina,it
380,"sotto il mio portico in primavera arrivano e nidificano le rondini poi in autunno se ne vanno, quando l'anno dopo ritornano mi piace pensare che siano le stesse che hanno ritrovato la strada verso casa mia. e' così anche per noi, quando qualcuno a cui vogliamo bene ci lascia nel nostro cuore c'è sempre la speranza che in qualche modo ritrovi la strada per tornare da noi.",angelina,it
381,bellissima e commovente interpretazione  bravissima ,angelina,it
382,da brividi e struggente e molto triste che canti la canzone per omaggiare suo padre scomparso. suo padre era sul palco con lei!!!!!!!,angelina,it
383,"difficile esprimere un commento, parlano la standing ovation e la commozione di tutta la sala. mi è venuta la pelle doca",angelina,it
384,sei una forza della natura..,angelina,it
385,"il dolore che diventa forza,il pianto che diventa energia,la perdita che diventa valore.c'e' vita,risalita, sogno in questa performance.e' e sarà storia per sempre.",angelina,it
386,esibizione da brividi ,angelina,it
387,si nota tantissimo che è bravissima come il padre mango  era un icona ! bravissima gli auguro una carriera infinita ! ,angelina,it
388,ha cantato col cuore,angelina,it
389,"di straordinaria bellezza, emozionante fino in fondo, tocca ogni corda e ti travolge, immensa ...scritta per lei..anni prima solo per questa esibizione",angelina,it
390,sei entrata diretta nel cuore,angelina,it
391,finalmente qualcuno che è allaltezza di ripronunciare queste poesie ,angelina,it
392,amo moltissimo questa canzone. sono rashad dall'egitto. parlo arabo e amo l'italiano. anna setaro,angelina,it
393,"si sente anche in lei l'emozione, per questo è perfetta questa cover <3",angelina,it
394,che voce meravigliosa  ,angelina,it
395,bellissima ed emozionante ,angelina,it
396,interpretazione degna della figlia di un grande artista !!!!! immensa angelina !!!! ti auguro una vita meravigliosa e costellata di successi !!!,angelina,it
397,"io ho perso il mio papà due anni fa, è tuttora il più grande dolore che solo chi perde un padre può capire. ed io ho 36 anni, non oso immaginare cosa abbia significato per una ragazzina come è successo a lei. detto questo, al netto di vincere sanremo e di qualsiasi polemica, al netto della tecnica, per me questa interpretazione è struggente, mi ha regalato un emozione dolorosa per cui comunque la ringrazio. e so che chiunque come noi abbia perso un genitore è stato toccato.",angelina,it
398,meravigliosa creatura,angelina,it
399,come dice la mia coinquilina sembra una principessa disney che canta .. brava ,angelina,it
400,da brividi.....,angelina,it
